Accuracy,Precision,Recall,F1
0.6955,0.7723121518940163,0.6955,0.6922058926433724
