class,accuracy
0,92.80000000000001
1,95.7
2,71.8
3,51.2
4,73.9
5,80.30000000000001
6,86.5
7,46.800000000000004
8,40.6
9,70.6
overall,71.02
