Accuracy,Precision,Recall,F1
0.7116,0.77902822189878,0.7116,0.7068473277564513
